{
  "prepare_queue": {
    "installed": [],
    "uninstalled": []
  },
  "config_munge": {
    "files": {
      "app/src/main/AndroidManifest.xml": {
        "parents": {
          "/manifest/application": [
            {
              "xml": "<application android:networkSecurityConfig=\"@xml/network_security_config\" android:usesCleartextTraffic=\"true\" />",
              "count": 1,
              "mode": "merge",
              "id": "config.xml",
              "oldAttrib": {
                "android:allowBackup": "false",
                "android:fullBackupContent": "false",
                "android:hardwareAccelerated": "true",
                "android:icon": "@mipmap/ic_launcher",
                "android:label": "@string/app_name",
                "android:networkSecurityConfig": "@xml/network_security_config",
                "android:supportsRtl": "true",
                "android:usesCleartextTraffic": "true"
              }
            }
          ]
        }
      },
      "res/xml/config.xml": {
        "parents": {
          "/*": [
            {
              "xml": "<feature name=\"File\"><param name=\"android-package\" value=\"org.apache.cordova.file.FileUtils\" /><param name=\"onload\" value=\"true\" /></feature>",
              "count": 1
            },
            {
              "xml": "<allow-navigation href=\"cdvfile:*\" />",
              "count": 1
            },
            {
              "xml": "<feature name=\"CordovaHttpPlugin\"><param name=\"android-package\" value=\"com.silkimen.cordovahttp.CordovaHttpPlugin\" /></feature>",
              "count": 1
            },
            {
              "xml": "<feature name=\"DatePickerPlugin\"><param name=\"android-package\" value=\"com.plugin.datepicker.DatePickerPlugin\" /></feature>",
              "count": 1
            },
            {
              "xml": "<feature name=\"Device\"><param name=\"android-package\" value=\"org.apache.cordova.device.Device\" /></feature>",
              "count": 1
            },
            {
              "xml": "<feature name=\"FCMPlugin\"><param name=\"android-package\" value=\"com.gae.scaffolder.plugin.FCMPlugin\" /><param name=\"onload\" value=\"true\" /></feature>",
              "count": 1
            },
            {
              "xml": "<feature name=\"GooglePlus\"><param name=\"android-package\" value=\"nl.xservices.plugins.GooglePlus\" /><param name=\"onload\" value=\"true\" /></feature>",
              "count": 1
            },
            {
              "xml": "<access origin=\"https://accounts.google.com/*\" />",
              "count": 1
            },
            {
              "xml": "<feature name=\"LocalNotification\"><param name=\"android-package\" value=\"de.appplant.cordova.plugin.localnotification.LocalNotification\" /></feature>",
              "count": 1
            },
            {
              "xml": "<feature name=\"NativeStorage\"><param name=\"android-package\" value=\"NativeStorage\" /></feature>",
              "count": 1
            },
            {
              "xml": "<feature name=\"SplashScreen\"><param name=\"android-package\" value=\"org.apache.cordova.splashscreen.SplashScreen\" /><param name=\"onload\" value=\"true\" /></feature>",
              "count": 1
            },
            {
              "xml": "<feature name=\"StatusBar\"><param name=\"android-package\" value=\"org.apache.cordova.statusbar.StatusBar\" /><param name=\"onload\" value=\"true\" /></feature>",
              "count": 1
            },
            {
              "xml": "<feature name=\"Whitelist\"><param name=\"android-package\" value=\"org.apache.cordova.whitelist.WhitelistPlugin\" /><param name=\"onload\" value=\"true\" /></feature>",
              "count": 1
            },
            {
              "xml": "<feature name=\"NetworkStatus\"><param name=\"android-package\" value=\"org.apache.cordova.networkinformation.NetworkManager\" /></feature>",
              "count": 1
            }
          ]
        }
      },
      "AndroidManifest.xml": {
        "parents": {
          "/*": [
            {
              "xml": "<uses-permission android:name=\"android.permission.WRITE_EXTERNAL_STORAGE\" />",
              "count": 1
            },
            {
              "xml": "<uses-permission android:name=\"android.permission.ACCESS_NETWORK_STATE\" />",
              "count": 1
            }
          ],
          "/manifest": [
            {
              "xml": "<uses-permission android:name=\"android.permission.INTERNET\" />",
              "count": 1
            },
            {
              "xml": "<uses-permission android:name=\"android.permission.GET_ACCOUNTS\" />",
              "count": 1
            },
            {
              "xml": "<uses-permission android:name=\"android.permission.USE_CREDENTIALS\" />",
              "count": 1
            },
            {
              "xml": "<uses-permission android:name=\"android.permission.WAKE_LOCK\" />",
              "count": 1
            }
          ],
          "application": [],
          "/manifest/application": [
            {
              "xml": "<activity android:exported=\"true\" android:launchMode=\"singleTop\" android:name=\"com.gae.scaffolder.plugin.FCMPluginActivity\"><intent-filter><action android:name=\"FCM_PLUGIN_ACTIVITY\" /><category android:name=\"android.intent.category.DEFAULT\" /></intent-filter></activity>",
              "count": 1
            },
            {
              "xml": "<service android:name=\"com.gae.scaffolder.plugin.MyFirebaseMessagingService\" android:stopWithTask=\"false\"><intent-filter><action android:name=\"com.google.firebase.MESSAGING_EVENT\" /></intent-filter></service>",
              "count": 1
            },
            {
              "xml": "<provider android:authorities=\"${applicationId}.provider\" android:exported=\"false\" android:grantUriPermissions=\"true\" android:name=\"de.appplant.cordova.plugin.notification.util.AssetProvider\"><meta-data android:name=\"android.support.FILE_PROVIDER_PATHS\" android:resource=\"@xml/localnotification_provider_paths\" /></provider>",
              "count": 1
            },
            {
              "xml": "<receiver android:exported=\"false\" android:name=\"de.appplant.cordova.plugin.localnotification.TriggerReceiver\" />",
              "count": 1
            },
            {
              "xml": "<receiver android:exported=\"false\" android:name=\"de.appplant.cordova.plugin.localnotification.ClearReceiver\" />",
              "count": 1
            },
            {
              "xml": "<activity android:exported=\"false\" android:launchMode=\"singleInstance\" android:name=\"de.appplant.cordova.plugin.localnotification.ClickReceiver\" android:theme=\"@android:style/Theme.Translucent\" />",
              "count": 1
            }
          ]
        }
      },
      "config.xml": {
        "parents": {
          "/*": [
            {
              "xml": "<feature name=\"Badge\"><param name=\"android-package\" value=\"de.appplant.cordova.plugin.badge.Badge\" /></feature>",
              "count": 1
            },
            {
              "xml": "<feature name=\"Keyboard\"><param name=\"android-package\" onload=\"true\" value=\"io.ionic.keyboard.IonicKeyboard\" /></feature>",
              "count": 1
            },
            {
              "xml": "<allow-navigation href=\"http://localhost/*\" />",
              "count": 1
            },
            {
              "xml": "<allow-navigation href=\"https://localhost/*\" />",
              "count": 1
            },
            {
              "xml": "<allow-navigation href=\"ionic://*\" />",
              "count": 1
            },
            {
              "xml": "<preference name=\"webView\" value=\"com.ionicframework.cordova.webview.IonicWebViewEngine\" />",
              "count": 1
            },
            {
              "xml": "<feature name=\"IonicWebView\"><param name=\"android-package\" value=\"com.ionicframework.cordova.webview.IonicWebView\" /></feature>",
              "count": 1
            }
          ]
        }
      },
      "res/values/facebookconnect.xml": {
        "parents": {
          "/*": []
        }
      },
      "app/src/main/res/values/facebookconnect.xml": {
        "parents": {
          "/*": []
        }
      }
    }
  },
  "installed_plugins": {
    "cordova-plugin-file": {
      "PACKAGE_NAME": "com.rao.leavemanager"
    },
    "cordova-plugin-advanced-http": {
      "OKHTTP_VERSION": "3.10.0",
      "PACKAGE_NAME": "com.rao.leavemanager"
    },
    "cordova-plugin-badge": {
      "PACKAGE_NAME": "com.rao.leavemanager"
    },
    "cordova-plugin-datepicker": {
      "PACKAGE_NAME": "com.rao.leavemanager"
    },
    "cordova-plugin-device": {
      "PACKAGE_NAME": "com.rao.leavemanager"
    },
    "cordova-plugin-fcm-with-dependecy-updated": {
      "FCM_CORE_VERSION": "16.0.9",
      "FCM_VERSION": "18.0.0",
      "GRADLE_TOOLS_VERSION": "3.5.0",
      "GOOGLE_SERVICES_VERSION": "4.2.0",
      "PACKAGE_NAME": "com.rao.leavemanager"
    },
    "cordova-plugin-googleplus": {
      "PLAY_SERVICES_VERSION": "11.8.0",
      "PACKAGE_NAME": "com.rao.leavemanager"
    },
    "cordova-plugin-ionic-keyboard": {
      "PACKAGE_NAME": "com.rao.leavemanager"
    },
    "cordova-plugin-ionic-webview": {
      "ANDROID_SUPPORT_ANNOTATIONS_VERSION": "27.+",
      "PACKAGE_NAME": "com.rao.leavemanager"
    },
    "cordova-plugin-local-notification": {
      "PACKAGE_NAME": "com.rao.leavemanager"
    },
    "cordova-plugin-nativestorage": {
      "PACKAGE_NAME": "com.rao.leavemanager"
    },
    "cordova-plugin-splashscreen": {
      "PACKAGE_NAME": "com.rao.leavemanager"
    },
    "cordova-plugin-statusbar": {
      "PACKAGE_NAME": "com.rao.leavemanager"
    },
    "cordova-plugin-whitelist": {
      "PACKAGE_NAME": "com.rao.leavemanager"
    },
    "cordova-plugin-network-information": {
      "PACKAGE_NAME": "com.rao.leavemanager"
    }
  },
  "dependent_plugins": {},
  "modules": [
    {
      "id": "cordova-plugin-file.DirectoryEntry",
      "file": "plugins/cordova-plugin-file/www/DirectoryEntry.js",
      "pluginId": "cordova-plugin-file",
      "clobbers": [
        "window.DirectoryEntry"
      ]
    },
    {
      "id": "cordova-plugin-file.DirectoryReader",
      "file": "plugins/cordova-plugin-file/www/DirectoryReader.js",
      "pluginId": "cordova-plugin-file",
      "clobbers": [
        "window.DirectoryReader"
      ]
    },
    {
      "id": "cordova-plugin-file.Entry",
      "file": "plugins/cordova-plugin-file/www/Entry.js",
      "pluginId": "cordova-plugin-file",
      "clobbers": [
        "window.Entry"
      ]
    },
    {
      "id": "cordova-plugin-file.File",
      "file": "plugins/cordova-plugin-file/www/File.js",
      "pluginId": "cordova-plugin-file",
      "clobbers": [
        "window.File"
      ]
    },
    {
      "id": "cordova-plugin-file.FileEntry",
      "file": "plugins/cordova-plugin-file/www/FileEntry.js",
      "pluginId": "cordova-plugin-file",
      "clobbers": [
        "window.FileEntry"
      ]
    },
    {
      "id": "cordova-plugin-file.FileError",
      "file": "plugins/cordova-plugin-file/www/FileError.js",
      "pluginId": "cordova-plugin-file",
      "clobbers": [
        "window.FileError"
      ]
    },
    {
      "id": "cordova-plugin-file.FileReader",
      "file": "plugins/cordova-plugin-file/www/FileReader.js",
      "pluginId": "cordova-plugin-file",
      "clobbers": [
        "window.FileReader"
      ]
    },
    {
      "id": "cordova-plugin-file.FileSystem",
      "file": "plugins/cordova-plugin-file/www/FileSystem.js",
      "pluginId": "cordova-plugin-file",
      "clobbers": [
        "window.FileSystem"
      ]
    },
    {
      "id": "cordova-plugin-file.FileUploadOptions",
      "file": "plugins/cordova-plugin-file/www/FileUploadOptions.js",
      "pluginId": "cordova-plugin-file",
      "clobbers": [
        "window.FileUploadOptions"
      ]
    },
    {
      "id": "cordova-plugin-file.FileUploadResult",
      "file": "plugins/cordova-plugin-file/www/FileUploadResult.js",
      "pluginId": "cordova-plugin-file",
      "clobbers": [
        "window.FileUploadResult"
      ]
    },
    {
      "id": "cordova-plugin-file.FileWriter",
      "file": "plugins/cordova-plugin-file/www/FileWriter.js",
      "pluginId": "cordova-plugin-file",
      "clobbers": [
        "window.FileWriter"
      ]
    },
    {
      "id": "cordova-plugin-file.Flags",
      "file": "plugins/cordova-plugin-file/www/Flags.js",
      "pluginId": "cordova-plugin-file",
      "clobbers": [
        "window.Flags"
      ]
    },
    {
      "id": "cordova-plugin-file.LocalFileSystem",
      "file": "plugins/cordova-plugin-file/www/LocalFileSystem.js",
      "pluginId": "cordova-plugin-file",
      "clobbers": [
        "window.LocalFileSystem"
      ],
      "merges": [
        "window"
      ]
    },
    {
      "id": "cordova-plugin-file.Metadata",
      "file": "plugins/cordova-plugin-file/www/Metadata.js",
      "pluginId": "cordova-plugin-file",
      "clobbers": [
        "window.Metadata"
      ]
    },
    {
      "id": "cordova-plugin-file.ProgressEvent",
      "file": "plugins/cordova-plugin-file/www/ProgressEvent.js",
      "pluginId": "cordova-plugin-file",
      "clobbers": [
        "window.ProgressEvent"
      ]
    },
    {
      "id": "cordova-plugin-file.fileSystems",
      "file": "plugins/cordova-plugin-file/www/fileSystems.js",
      "pluginId": "cordova-plugin-file"
    },
    {
      "id": "cordova-plugin-file.requestFileSystem",
      "file": "plugins/cordova-plugin-file/www/requestFileSystem.js",
      "pluginId": "cordova-plugin-file",
      "clobbers": [
        "window.requestFileSystem"
      ]
    },
    {
      "id": "cordova-plugin-file.resolveLocalFileSystemURI",
      "file": "plugins/cordova-plugin-file/www/resolveLocalFileSystemURI.js",
      "pluginId": "cordova-plugin-file",
      "merges": [
        "window"
      ]
    },
    {
      "id": "cordova-plugin-file.isChrome",
      "file": "plugins/cordova-plugin-file/www/browser/isChrome.js",
      "pluginId": "cordova-plugin-file",
      "runs": true
    },
    {
      "id": "cordova-plugin-file.androidFileSystem",
      "file": "plugins/cordova-plugin-file/www/android/FileSystem.js",
      "pluginId": "cordova-plugin-file",
      "merges": [
        "FileSystem"
      ]
    },
    {
      "id": "cordova-plugin-file.fileSystems-roots",
      "file": "plugins/cordova-plugin-file/www/fileSystems-roots.js",
      "pluginId": "cordova-plugin-file",
      "runs": true
    },
    {
      "id": "cordova-plugin-file.fileSystemPaths",
      "file": "plugins/cordova-plugin-file/www/fileSystemPaths.js",
      "pluginId": "cordova-plugin-file",
      "merges": [
        "cordova"
      ],
      "runs": true
    },
    {
      "id": "cordova-plugin-advanced-http.cookie-handler",
      "file": "plugins/cordova-plugin-advanced-http/www/cookie-handler.js",
      "pluginId": "cordova-plugin-advanced-http"
    },
    {
      "id": "cordova-plugin-advanced-http.global-configs",
      "file": "plugins/cordova-plugin-advanced-http/www/global-configs.js",
      "pluginId": "cordova-plugin-advanced-http"
    },
    {
      "id": "cordova-plugin-advanced-http.helpers",
      "file": "plugins/cordova-plugin-advanced-http/www/helpers.js",
      "pluginId": "cordova-plugin-advanced-http"
    },
    {
      "id": "cordova-plugin-advanced-http.js-util",
      "file": "plugins/cordova-plugin-advanced-http/www/js-util.js",
      "pluginId": "cordova-plugin-advanced-http"
    },
    {
      "id": "cordova-plugin-advanced-http.local-storage-store",
      "file": "plugins/cordova-plugin-advanced-http/www/local-storage-store.js",
      "pluginId": "cordova-plugin-advanced-http"
    },
    {
      "id": "cordova-plugin-advanced-http.lodash",
      "file": "plugins/cordova-plugin-advanced-http/www/lodash.js",
      "pluginId": "cordova-plugin-advanced-http"
    },
    {
      "id": "cordova-plugin-advanced-http.messages",
      "file": "plugins/cordova-plugin-advanced-http/www/messages.js",
      "pluginId": "cordova-plugin-advanced-http"
    },
    {
      "id": "cordova-plugin-advanced-http.public-interface",
      "file": "plugins/cordova-plugin-advanced-http/www/public-interface.js",
      "pluginId": "cordova-plugin-advanced-http"
    },
    {
      "id": "cordova-plugin-advanced-http.tough-cookie",
      "file": "plugins/cordova-plugin-advanced-http/www/umd-tough-cookie.js",
      "pluginId": "cordova-plugin-advanced-http"
    },
    {
      "id": "cordova-plugin-advanced-http.url-util",
      "file": "plugins/cordova-plugin-advanced-http/www/url-util.js",
      "pluginId": "cordova-plugin-advanced-http"
    },
    {
      "id": "cordova-plugin-advanced-http.http",
      "file": "plugins/cordova-plugin-advanced-http/www/advanced-http.js",
      "pluginId": "cordova-plugin-advanced-http",
      "clobbers": [
        "cordova.plugin.http"
      ]
    },
    {
      "id": "cordova-plugin-badge.Badge",
      "file": "plugins/cordova-plugin-badge/www/badge.js",
      "pluginId": "cordova-plugin-badge",
      "clobbers": [
        "cordova.plugins.notification.badge"
      ]
    },
    {
      "id": "cordova-plugin-datepicker.DatePicker",
      "file": "plugins/cordova-plugin-datepicker/www/android/DatePicker.js",
      "pluginId": "cordova-plugin-datepicker",
      "clobbers": [
        "datePicker"
      ]
    },
    {
      "id": "cordova-plugin-device.device",
      "file": "plugins/cordova-plugin-device/www/device.js",
      "pluginId": "cordova-plugin-device",
      "clobbers": [
        "device"
      ]
    },
    {
      "id": "cordova-plugin-fcm-with-dependecy-updated.FCMPlugin",
      "file": "plugins/cordova-plugin-fcm-with-dependecy-updated/www/FCMPlugin.js",
      "pluginId": "cordova-plugin-fcm-with-dependecy-updated",
      "clobbers": [
        "FCMPlugin"
      ]
    },
    {
      "id": "cordova-plugin-googleplus.GooglePlus",
      "file": "plugins/cordova-plugin-googleplus/www/GooglePlus.js",
      "pluginId": "cordova-plugin-googleplus",
      "clobbers": [
        "window.plugins.googleplus"
      ]
    },
    {
      "id": "cordova-plugin-ionic-keyboard.keyboard",
      "file": "plugins/cordova-plugin-ionic-keyboard/www/android/keyboard.js",
      "pluginId": "cordova-plugin-ionic-keyboard",
      "clobbers": [
        "window.Keyboard"
      ]
    },
    {
      "id": "cordova-plugin-ionic-webview.IonicWebView",
      "file": "plugins/cordova-plugin-ionic-webview/src/www/util.js",
      "pluginId": "cordova-plugin-ionic-webview",
      "clobbers": [
        "Ionic.WebView"
      ]
    },
    {
      "id": "cordova-plugin-local-notification.LocalNotification",
      "file": "plugins/cordova-plugin-local-notification/www/local-notification.js",
      "pluginId": "cordova-plugin-local-notification",
      "clobbers": [
        "cordova.plugins.notification.local"
      ]
    },
    {
      "id": "cordova-plugin-local-notification.LocalNotification.Core",
      "file": "plugins/cordova-plugin-local-notification/www/local-notification-core.js",
      "pluginId": "cordova-plugin-local-notification",
      "clobbers": [
        "cordova.plugins.notification.local.core",
        "plugin.notification.local.core"
      ]
    },
    {
      "id": "cordova-plugin-local-notification.LocalNotification.Util",
      "file": "plugins/cordova-plugin-local-notification/www/local-notification-util.js",
      "pluginId": "cordova-plugin-local-notification",
      "merges": [
        "cordova.plugins.notification.local.core",
        "plugin.notification.local.core"
      ]
    },
    {
      "id": "cordova-plugin-nativestorage.mainHandle",
      "file": "plugins/cordova-plugin-nativestorage/www/mainHandle.js",
      "pluginId": "cordova-plugin-nativestorage",
      "clobbers": [
        "NativeStorage"
      ]
    },
    {
      "id": "cordova-plugin-nativestorage.LocalStorageHandle",
      "file": "plugins/cordova-plugin-nativestorage/www/LocalStorageHandle.js",
      "pluginId": "cordova-plugin-nativestorage"
    },
    {
      "id": "cordova-plugin-nativestorage.NativeStorageError",
      "file": "plugins/cordova-plugin-nativestorage/www/NativeStorageError.js",
      "pluginId": "cordova-plugin-nativestorage"
    },
    {
      "id": "cordova-plugin-splashscreen.SplashScreen",
      "file": "plugins/cordova-plugin-splashscreen/www/splashscreen.js",
      "pluginId": "cordova-plugin-splashscreen",
      "clobbers": [
        "navigator.splashscreen"
      ]
    },
    {
      "id": "cordova-plugin-statusbar.statusbar",
      "file": "plugins/cordova-plugin-statusbar/www/statusbar.js",
      "pluginId": "cordova-plugin-statusbar",
      "clobbers": [
        "window.StatusBar"
      ]
    },
    {
      "id": "cordova-plugin-network-information.network",
      "file": "plugins/cordova-plugin-network-information/www/network.js",
      "pluginId": "cordova-plugin-network-information",
      "clobbers": [
        "navigator.connection",
        "navigator.network.connection"
      ]
    },
    {
      "id": "cordova-plugin-network-information.Connection",
      "file": "plugins/cordova-plugin-network-information/www/Connection.js",
      "pluginId": "cordova-plugin-network-information",
      "clobbers": [
        "Connection"
      ]
    }
  ],
  "plugin_metadata": {
    "cordova-plugin-file": "6.0.2",
    "cordova-plugin-advanced-http": "2.1.1",
    "cordova-plugin-badge": "0.8.8",
    "cordova-plugin-datepicker": "0.9.3",
    "cordova-plugin-device": "2.0.2",
    "cordova-plugin-fcm-with-dependecy-updated": "3.2.0",
    "cordova-plugin-googleplus": "8.0.0",
    "cordova-plugin-ionic-keyboard": "2.1.3",
    "cordova-plugin-ionic-webview": "4.1.1",
    "cordova-plugin-local-notification": "0.9.0-beta.2",
    "cordova-plugin-nativestorage": "2.3.2",
    "cordova-plugin-splashscreen": "5.0.2",
    "cordova-plugin-statusbar": "2.4.2",
    "cordova-plugin-whitelist": "1.3.3",
    "cordova-plugin-network-information": "2.0.2"
  }
}
